ID;Size;Model;y_obs;y_hat;Res
1;170.2295;1;100;94.40202288;5.597977116
1;148.2635;1;99.89;93.26090275;6.629097253
1;129.132;1;99.47;91.90711721;7.562882791
1;112.4695;1;98.69;90.30967014;8.380329859
1;97.957;1;97.41;88.43657075;8.973429251
1;85.317;1;95.55;86.25648462;9.293515376
1;74.308;1;93.05;83.74094162;9.309058381
1;64.7195;1;89.89;80.8670756;9.022924396
1;56.3685;1;86.09;77.62109014;8.468909862
1;49.095;1;81.73;74.00142191;7.728578086
1;42.76;1;76.93;70.02237525;6.907624753
1;37.2425;1;71.82;65.71652574;6.103474255
1;32.437;1;66.56;61.13553125;5.424468746
1;28.2515;1;61.29;56.34892412;4.941075877
1;24.606;1;56.13;51.44093311;4.689066886
1;21.431;1;51.18;46.50514939;4.674850607
1;18.6655;1;46.5;41.63653874;4.863461264
1;16.257;1;42.13;36.9260715;5.203928505
1;14.1595;1;38.07;32.4526831;5.617316901
1;12.3325;1;34.32;28.27796862;6.042031382
1;10.741;1;30.86;24.445347;6.414653004
1;9.355;1;27.68;20.98052458;6.69947542
1;8.148;1;24.75;17.89090608;6.859093922
1;7.0965;1;22.05;15.1683332;6.881666797
1;6.1805;1;19.55;12.79500047;6.754999525
1;5.383;1;17.24;10.74664947;6.493350525
1;4.6885;1;15.09;8.992640898;6.097359102
1;4.0835;1;13.08;7.500603761;5.579396239
1;3.5565;1;11.2;6.238988639;4.961011361
1;3.0975;1;9.44;5.177672802;4.262327198
1;2.698;1;7.79;4.289209467;3.500790533
1;2.35;1;6.25;3.54744527;2.70255473
1;2.0465;1;4.84;2.929264127;1.910735873
1;1.7825;1;3.57;2.416683475;1.153316525
1;1.5525;1;2.47;1.99185564;0.47814436
1;1.352;1;1.56;1.640149764;-0.080149764
1;1.1775;1;0.86;1.349861792;-0.489861792
1;1.0255;1;0.37;1.110337237;-0.740337237
1;0.8935;1;0.12;0.913470468;-0.793470468
1;0.778;1;0.03;0.750571294;-0.720571294
1;0.6775;1;0.03;0.616631342;-0.586631342
1;0.5905;1;0.03;0.507103859;-0.477103859
1;0.5145;1;0.03;0.4167508;-0.3867508
1;0.448;1;0.03;0.342134319;-0.312134319
1;0.39;1;0.03;0.280741926;-0.250741926
1;0.3395;1;0.03;0.23033164;-0.20033164
1;0.2955;1;0.03;0.188920217;-0.158920217
1;0.2575;1;0.03;0.155198707;-0.125198707
1;0.2245;1;0.03;0.127580721;-0.097580721
1;0.1955;1;0.03;0.104696827;-0.074696827
1;0.17;1;0.03;0.085736542;-0.055736542
1;0.148;1;0.03;0.070325627;-0.040325627
1;0.129;1;0.03;0.057781123;-0.027781123
1;0.1125;1;0.03;0.047509936;-0.017509936
1;0.098;1;0.03;0.03900095;-0.00900095
1;0.085;1;0.03;0.031817727;-0.001817727
1;0.074;1;0.03;0.026096044;0.003903956
1;0.0645;1;0.03;0.021439406;0.008560594
1;0.056;1;0.03;0.017515222;0.012484778
1;0.049;1;0.03;0.014469404;0.015530596
1;0.043;1;0.03;0.012003066;0.017996934
1;0.0375;1;0.03;0.009868594;0.020131406
1;0.0325;1;0.03;0.008041525;0.021958475
1;0.028;1;0.03;0.006497292;0.023502708
1;0.0245;1;0.03;0.005367339;0.024632661
1;0.0215;1;0.03;0.004452397;0.025547603
1;0.0185;1;0.03;0.003590957;0.026409043
1;0.016;1;0.03;0.002917394;0.027082606
1;0.014;1;0.03;0.002410011;0.027589989
1;0.012;1;0.03;0.001932991;0.028067009
1;0.0105;1;0.03;0.001596809;0.028403191
2;170.2295;1;100;94.40202288;5.597977116
2;148.2635;1;99.9;93.26090275;6.639097253
2;129.132;1;99.59;91.90711721;7.682882791
2;112.4695;1;98.9;90.30967014;8.590329859
2;97.957;1;97.76;88.43657075;9.323429251
2;85.317;1;96.06;86.25648462;9.803515376
2;74.308;1;93.74;83.74094162;9.999058381
2;64.7195;1;90.77;80.8670756;9.902924396
2;56.3685;1;87.16;77.62109014;9.538909862
2;49.095;1;82.97;74.00142191;8.968578086
2;42.76;1;78.3;70.02237525;8.277624753
2;37.2425;1;73.28;65.71652574;7.563474255
2;32.437;1;68.06;61.13553125;6.924468746
2;28.2515;1;62.79;56.34892412;6.441075877
2;24.606;1;57.59;51.44093311;6.149066886
2;21.431;1;52.56;46.50514939;6.054850607
2;18.6655;1;47.78;41.63653874;6.143461264
2;16.257;1;43.29;36.9260715;6.363928505
2;14.1595;1;39.11;32.4526831;6.657316901
2;12.3325;1;35.24;28.27796862;6.962031382
2;10.741;1;31.67;24.445347;7.224653004
2;9.355;1;28.38;20.98052458;7.39947542
2;8.148;1;25.35;17.89090608;7.459093922
2;7.0965;1;22.55;15.1683332;7.381666797
2;6.1805;1;19.97;12.79500047;7.174999525
2;5.383;1;17.58;10.74664947;6.833350525
2;4.6885;1;15.36;8.992640898;6.367359102
2;4.0835;1;13.3;7.500603761;5.799396239
2;3.5565;1;11.37;6.238988639;5.131011361
2;3.0975;1;9.57;5.177672802;4.392327198
2;2.698;1;7.89;4.289209467;3.600790533
2;2.35;1;6.33;3.54744527;2.78255473
2;2.0465;1;4.9;2.929264127;1.970735873
2;1.7825;1;3.62;2.416683475;1.203316525
2;1.5525;1;2.51;1.99185564;0.51814436
2;1.352;1;1.59;1.640149764;-0.050149764
2;1.1775;1;0.88;1.349861792;-0.469861792
2;1.0255;1;0.37;1.110337237;-0.740337237
2;0.8935;1;0.1;0.913470468;-0.813470468
2;0.778;1;1.05194E-14;0.750571294;-0.750571294
2;0.6775;1;1.05194E-14;0.616631342;-0.616631342
2;0.5905;1;1.05194E-14;0.507103859;-0.507103859
2;0.5145;1;1.05194E-14;0.4167508;-0.4167508
2;0.448;1;1.05194E-14;0.342134319;-0.342134319
2;0.39;1;1.05194E-14;0.280741926;-0.280741926
2;0.3395;1;1.05194E-14;0.23033164;-0.23033164
2;0.2955;1;1.05194E-14;0.188920217;-0.188920217
2;0.2575;1;1.05194E-14;0.155198707;-0.155198707
2;0.2245;1;1.05194E-14;0.127580721;-0.127580721
2;0.1955;1;1.05194E-14;0.104696827;-0.104696827
2;0.17;1;1.05194E-14;0.085736542;-0.085736542
2;0.148;1;1.05194E-14;0.070325627;-0.070325627
2;0.129;1;1.05194E-14;0.057781123;-0.057781123
2;0.1125;1;1.05194E-14;0.047509936;-0.047509936
2;0.098;1;1.05194E-14;0.03900095;-0.03900095
2;0.085;1;1.05194E-14;0.031817727;-0.031817727
2;0.074;1;1.05194E-14;0.026096044;-0.026096044
2;0.0645;1;1.05194E-14;0.021439406;-0.021439406
2;0.056;1;1.05194E-14;0.017515222;-0.017515222
2;0.049;1;1.05194E-14;0.014469404;-0.014469404
2;0.043;1;1.05194E-14;0.012003066;-0.012003066
2;0.0375;1;1.05194E-14;0.009868594;-0.009868594
2;0.0325;1;1.05194E-14;0.008041525;-0.008041525
2;0.028;1;1.05194E-14;0.006497292;-0.006497292
2;0.0245;1;1.05194E-14;0.005367339;-0.005367339
2;0.0215;1;1.05194E-14;0.004452397;-0.004452397
2;0.0185;1;1.05194E-14;0.003590957;-0.003590957
2;0.016;1;1.05194E-14;0.002917394;-0.002917394
2;0.014;1;1.05194E-14;0.002410011;-0.002410011
2;0.012;1;1.05194E-14;0.001932991;-0.001932991
2;0.0105;1;1.05194E-14;0.001596809;-0.001596809
3;170.2295;1;100;94.40202288;5.597977116
3;148.2635;1;99.75;93.26090275;6.489097253
3;129.132;1;98.96;91.90711721;7.052882791
3;112.4695;1;97.7;90.30967014;7.390329859
3;97.957;1;95.79;88.43657075;7.353429251
3;85.317;1;93.2;86.25648462;6.943515376
3;74.308;1;89.9;83.74094162;6.159058381
3;64.7195;1;85.95;80.8670756;5.082924396
3;56.3685;1;81.43;77.62109014;3.808909862
3;49.095;1;76.47;74.00142191;2.468578086
3;42.76;1;71.22;70.02237525;1.197624753
3;37.2425;1;65.84;65.71652574;0.123474255
3;32.437;1;60.48;61.13553125;-0.655531254
3;28.2515;1;55.25;56.34892412;-1.098924123
3;24.606;1;50.25;51.44093311;-1.190933114
3;21.431;1;45.54;46.50514939;-0.965149393
3;18.6655;1;41.15;41.63653874;-0.486538736
3;16.257;1;37.09;36.9260715;0.163928505
3;14.1595;1;33.35;32.4526831;0.897316901
3;12.3325;1;29.92;28.27796862;1.642031382
3;10.741;1;26.77;24.445347;2.324653004
3;9.355;1;23.89;20.98052458;2.90947542
3;8.148;1;21.25;17.89090608;3.359093922
3;7.0965;1;18.83;15.1683332;3.661666797
3;6.1805;1;16.61;12.79500047;3.814999525
3;5.383;1;14.57;10.74664947;3.823350525
3;4.6885;1;12.7;8.992640898;3.707359102
3;4.0835;1;10.97;7.500603761;3.469396239
3;3.5565;1;9.37;6.238988639;3.131011361
3;3.0975;1;7.88;5.177672802;2.702327198
3;2.698;1;6.5;4.289209467;2.210790533
3;2.35;1;5.22;3.54744527;1.67255473
3;2.0465;1;4.05;2.929264127;1.120735873
3;1.7825;1;3;2.416683475;0.583316525
3;1.5525;1;2.09;1.99185564;0.09814436
3;1.352;1;1.33;1.640149764;-0.310149764
3;1.1775;1;0.74;1.349861792;-0.609861792
3;1.0255;1;0.32;1.110337237;-0.790337237
3;0.8935;1;0.09;0.913470468;-0.823470468
3;0.778;1;0.01;0.750571294;-0.740571294
3;0.6775;1;0.01;0.616631342;-0.606631342
3;0.5905;1;0.01;0.507103859;-0.497103859
3;0.5145;1;0.01;0.4167508;-0.4067508
3;0.448;1;0.01;0.342134319;-0.332134319
3;0.39;1;0.01;0.280741926;-0.270741926
3;0.3395;1;0.01;0.23033164;-0.22033164
3;0.2955;1;0.01;0.188920217;-0.178920217
3;0.2575;1;0.01;0.155198707;-0.145198707
3;0.2245;1;0.01;0.127580721;-0.117580721
3;0.1955;1;0.01;0.104696827;-0.094696827
3;0.17;1;0.01;0.085736542;-0.075736542
3;0.148;1;0.01;0.070325627;-0.060325627
3;0.129;1;0.01;0.057781123;-0.047781123
3;0.1125;1;0.01;0.047509936;-0.037509936
3;0.098;1;0.01;0.03900095;-0.02900095
3;0.085;1;0.01;0.031817727;-0.021817727
3;0.074;1;0.01;0.026096044;-0.016096044
3;0.0645;1;0.01;0.021439406;-0.011439406
3;0.056;1;0.01;0.017515222;-0.007515222
3;0.049;1;0.01;0.014469404;-0.004469404
3;0.043;1;0.01;0.012003066;-0.002003066
3;0.0375;1;0.01;0.009868594;0.000131406
3;0.0325;1;0.01;0.008041525;0.001958475
3;0.028;1;0.01;0.006497292;0.003502708
3;0.0245;1;0.01;0.005367339;0.004632661
3;0.0215;1;0.01;0.004452397;0.005547603
3;0.0185;1;0.01;0.003590957;0.006409043
3;0.016;1;0.01;0.002917394;0.007082606
3;0.014;1;0.01;0.002410011;0.007589989
3;0.012;1;0.01;0.001932991;0.008067009
3;0.0105;1;0.01;0.001596809;0.008403191
4;170.2295;1;100;94.40202288;5.597977116
4;148.2635;1;99.69;93.26090275;6.429097253
4;129.132;1;98.78;91.90711721;6.872882791
4;112.4695;1;97.38;90.30967014;7.070329859
4;97.957;1;95.31;88.43657075;6.873429251
4;85.317;1;92.55;86.25648462;6.293515376
4;74.308;1;89.1;83.74094162;5.359058381
4;64.7195;1;85.02;80.8670756;4.152924396
4;56.3685;1;80.41;77.62109014;2.788909862
4;49.095;1;75.41;74.00142191;1.408578086
4;42.76;1;70.17;70.02237525;0.147624753
4;37.2425;1;64.85;65.71652574;-0.866525745
4;32.437;1;59.58;61.13553125;-1.555531254
4;28.2515;1;54.48;56.34892412;-1.868924123
4;24.606;1;49.63;51.44093311;-1.810933114
4;21.431;1;45.07;46.50514939;-1.435149393
4;18.6655;1;40.82;41.63653874;-0.816538736
4;16.257;1;36.88;36.9260715;-0.046071495
4;14.1595;1;33.23;32.4526831;0.777316901
4;12.3325;1;29.86;28.27796862;1.582031382
4;10.741;1;26.75;24.445347;2.304653004
4;9.355;1;23.89;20.98052458;2.90947542
4;8.148;1;21.26;17.89090608;3.369093922
4;7.0965;1;18.84;15.1683332;3.671666797
4;6.1805;1;16.62;12.79500047;3.824999525
4;5.383;1;14.58;10.74664947;3.833350525
4;4.6885;1;12.71;8.992640898;3.717359102
4;4.0835;1;10.98;7.500603761;3.479396239
4;3.5565;1;9.38;6.238988639;3.141011361
4;3.0975;1;7.89;5.177672802;2.712327198
4;2.698;1;6.51;4.289209467;2.220790533
4;2.35;1;5.23;3.54744527;1.68255473
4;2.0465;1;4.06;2.929264127;1.130735873
4;1.7825;1;3.01;2.416683475;0.593316525
4;1.5525;1;2.1;1.99185564;0.10814436
4;1.352;1;1.34;1.640149764;-0.300149764
4;1.1775;1;0.75;1.349861792;-0.599861792
4;1.0255;1;0.33;1.110337237;-0.780337237
4;0.8935;1;0.1;0.913470468;-0.813470468
4;0.778;1;0.02;0.750571294;-0.730571294
4;0.6775;1;0.02;0.616631342;-0.596631342
4;0.5905;1;0.02;0.507103859;-0.487103859
4;0.5145;1;0.02;0.4167508;-0.3967508
4;0.448;1;0.02;0.342134319;-0.322134319
4;0.39;1;0.02;0.280741926;-0.260741926
4;0.3395;1;0.02;0.23033164;-0.21033164
4;0.2955;1;0.02;0.188920217;-0.168920217
4;0.2575;1;0.02;0.155198707;-0.135198707
4;0.2245;1;0.02;0.127580721;-0.107580721
4;0.1955;1;0.02;0.104696827;-0.084696827
4;0.17;1;0.02;0.085736542;-0.065736542
4;0.148;1;0.02;0.070325627;-0.050325627
4;0.129;1;0.02;0.057781123;-0.037781123
4;0.1125;1;0.02;0.047509936;-0.027509936
4;0.098;1;0.02;0.03900095;-0.01900095
4;0.085;1;0.02;0.031817727;-0.011817727
4;0.074;1;0.02;0.026096044;-0.006096044
4;0.0645;1;0.02;0.021439406;-0.001439406
4;0.056;1;0.02;0.017515222;0.002484778
4;0.049;1;0.02;0.014469404;0.005530596
4;0.043;1;0.02;0.012003066;0.007996934
4;0.0375;1;0.02;0.009868594;0.010131406
4;0.0325;1;0.02;0.008041525;0.011958475
4;0.028;1;0.02;0.006497292;0.013502708
4;0.0245;1;0.02;0.005367339;0.014632661
4;0.0215;1;0.02;0.004452397;0.015547603
4;0.0185;1;0.02;0.003590957;0.016409043
4;0.016;1;0.02;0.002917394;0.017082606
4;0.014;1;0.02;0.002410011;0.017589989
4;0.012;1;0.02;0.001932991;0.018067009
4;0.0105;1;0.02;0.001596809;0.018403191
5;224.4065;1;100;96.15992141;3.840078587
5;195.45;1;99.82;95.35953749;4.460462515
5;170.2295;1;99.26;94.40202288;4.857977116
5;148.2635;1;98.2;93.26090275;4.939097253
5;129.132;1;96.49;91.90711721;4.582882791
5;112.4695;1;94.06;90.30967014;3.750329859
5;97.957;1;90.87;88.43657075;2.433429251
5;85.317;1;86.97;86.25648462;0.713515376
5;74.308;1;82.46;83.74094162;-1.280941619
5;64.7195;1;77.49;80.8670756;-3.377075604
5;56.3685;1;72.22;77.62109014;-5.401090138
5;49.095;1;66.84;74.00142191;-7.161421914
5;42.76;1;61.5;70.02237525;-8.522375247
5;37.2425;1;56.33;65.71652574;-9.386525745
5;32.437;1;51.41;61.13553125;-9.725531254
5;28.2515;1;46.81;56.34892412;-9.538924123
5;24.606;1;42.54;51.44093311;-8.900933114
5;21.431;1;38.6;46.50514939;-7.905149393
5;18.6655;1;34.97;41.63653874;-6.666538736
5;16.257;1;31.62;36.9260715;-5.306071495
5;14.1595;1;28.53;32.4526831;-3.922683099
5;12.3325;1;25.68;28.27796862;-2.597968618
5;10.741;1;23.04;24.445347;-1.405346996
5;9.355;1;20.61;20.98052458;-0.37052458
5;8.148;1;18.37;17.89090608;0.479093922
5;7.0965;1;16.3;15.1683332;1.131666797
5;6.1805;1;14.4;12.79500047;1.604999525
5;5.383;1;12.65;10.74664947;1.903350525
5;4.6885;1;11.04;8.992640898;2.047359102
5;4.0835;1;9.55;7.500603761;2.049396239
5;3.5565;1;8.17;6.238988639;1.931011361
5;3.0975;1;6.89;5.177672802;1.712327198
5;2.698;1;5.69;4.289209467;1.400790533
5;2.35;1;4.58;3.54744527;1.03255473
5;2.0465;1;3.56;2.929264127;0.630735873
5;1.7825;1;2.65;2.416683475;0.233316525
5;1.5525;1;1.85;1.99185564;-0.14185564
5;1.352;1;1.18;1.640149764;-0.460149764
5;1.1775;1;0.66;1.349861792;-0.689861792
5;1.0255;1;0.28;1.110337237;-0.830337237
5;0.8935;1;0.07;0.913470468;-0.843470468
6;195.45;1;100;95.35953749;4.640462515
6;170.2295;1;99.59;94.40202288;5.187977116
6;148.2635;1;98.55;93.26090275;5.289097253
6;129.132;1;96.93;91.90711721;5.022882791
6;112.4695;1;94.57;90.30967014;4.260329859
6;97.957;1;91.46;88.43657075;3.023429251
6;85.317;1;87.63;86.25648462;1.373515376
6;74.308;1;83.17;83.74094162;-0.570941619
6;64.7195;1;78.24;80.8670756;-2.627075604
6;56.3685;1;73.01;77.62109014;-4.611090138
6;49.095;1;67.64;74.00142191;-6.361421914
6;42.76;1;62.3;70.02237525;-7.722375247
6;37.2425;1;57.11;65.71652574;-8.606525745
6;32.437;1;52.16;61.13553125;-8.975531254
6;28.2515;1;47.51;56.34892412;-8.838924123
6;24.606;1;43.18;51.44093311;-8.260933114
6;21.431;1;39.17;46.50514939;-7.335149393
6;18.6655;1;35.46;41.63653874;-6.176538736
6;16.257;1;32.04;36.9260715;-4.886071495
6;14.1595;1;28.88;32.4526831;-3.572683099
6;12.3325;1;25.96;28.27796862;-2.317968618
6;10.741;1;23.26;24.445347;-1.185346996
6;9.355;1;20.77;20.98052458;-0.21052458
6;8.148;1;18.48;17.89090608;0.589093922
6;7.0965;1;16.37;15.1683332;1.201666797
6;6.1805;1;14.43;12.79500047;1.634999525
6;5.383;1;12.65;10.74664947;1.903350525
6;4.6885;1;11.02;8.992640898;2.027359102
6;4.0835;1;9.52;7.500603761;2.019396239
6;3.5565;1;8.13;6.238988639;1.891011361
6;3.0975;1;6.84;5.177672802;1.662327198
6;2.698;1;5.64;4.289209467;1.350790533
6;2.35;1;4.53;3.54744527;0.98255473
6;2.0465;1;3.52;2.929264127;0.590735873
6;1.7825;1;2.62;2.416683475;0.203316525
6;1.5525;1;1.83;1.99185564;-0.16185564
6;1.352;1;1.17;1.640149764;-0.470149764
6;1.1775;1;0.66;1.349861792;-0.689861792
6;1.0255;1;0.29;1.110337237;-0.820337237
6;0.8935;1;0.09;0.913470468;-0.823470468
6;0.778;1;0.02;0.750571294;-0.730571294
6;0.6775;1;0.02;0.616631342;-0.596631342
6;0.5905;1;0.02;0.507103859;-0.487103859
6;0.5145;1;0.02;0.4167508;-0.3967508
6;0.448;1;0.02;0.342134319;-0.322134319
6;0.39;1;0.02;0.280741926;-0.260741926
6;0.3395;1;0.02;0.23033164;-0.21033164
6;0.2955;1;0.02;0.188920217;-0.168920217
6;0.2575;1;0.02;0.155198707;-0.135198707
6;0.2245;1;0.02;0.127580721;-0.107580721
6;0.1955;1;0.02;0.104696827;-0.084696827
6;0.17;1;0.02;0.085736542;-0.065736542
6;0.148;1;0.02;0.070325627;-0.050325627
6;0.129;1;0.02;0.057781123;-0.037781123
6;0.1125;1;0.02;0.047509936;-0.027509936
6;0.098;1;0.02;0.03900095;-0.01900095
6;0.085;1;0.02;0.031817727;-0.011817727
6;0.074;1;0.02;0.026096044;-0.006096044
6;0.0645;1;0.02;0.021439406;-0.001439406
6;0.056;1;0.02;0.017515222;0.002484778
6;0.049;1;0.02;0.014469404;0.005530596
6;0.043;1;0.02;0.012003066;0.007996934
6;0.0375;1;0.02;0.009868594;0.010131406
6;0.0325;1;0.02;0.008041525;0.011958475
6;0.028;1;0.02;0.006497292;0.013502708
6;0.0245;1;0.02;0.005367339;0.014632661
6;0.0215;1;0.02;0.004452397;0.015547603
6;0.0185;1;0.02;0.003590957;0.016409043
6;0.016;1;0.02;0.002917394;0.017082606
6;0.014;1;0.02;0.002410011;0.017589989
6;0.012;1;0.02;0.001932991;0.018067009
6;0.0105;1;0.02;0.001596809;0.018403191
7;257.653;1;100;96.82684948;3.17315052
7;224.4065;1;99.87;96.15992141;3.710078587
7;195.45;1;99.52;95.35953749;4.160462515
7;170.2295;1;98.78;94.40202288;4.377977116
7;148.2635;1;97.53;93.26090275;4.269097253
7;129.132;1;95.63;91.90711721;3.722882791
7;112.4695;1;93.02;90.30967014;2.710329859
7;97.957;1;89.68;88.43657075;1.243429251
7;85.317;1;85.67;86.25648462;-0.586484624
7;74.308;1;81.1;83.74094162;-2.640941619
7;64.7195;1;76.13;80.8670756;-4.737075604
7;56.3685;1;70.92;77.62109014;-6.701090138
7;49.095;1;65.64;74.00142191;-8.361421914
7;42.76;1;60.42;70.02237525;-9.602375247
7;37.2425;1;55.37;65.71652574;-10.34652574
7;32.437;1;50.57;61.13553125;-10.56553125
7;28.2515;1;46.05;56.34892412;-10.29892412
7;24.606;1;41.83;51.44093311;-9.610933114
7;21.431;1;37.91;46.50514939;-8.595149393
7;18.6655;1;34.27;41.63653874;-7.366538736
7;16.257;1;30.89;36.9260715;-6.036071495
7;14.1595;1;27.76;32.4526831;-4.692683099
7;12.3325;1;24.88;28.27796862;-3.397968618
7;10.741;1;22.22;24.445347;-2.225346996
7;9.355;1;19.78;20.98052458;-1.20052458
7;8.148;1;17.55;17.89090608;-0.340906078
7;7.0965;1;15.52;15.1683332;0.351666797
7;6.1805;1;13.67;12.79500047;0.874999525
7;5.383;1;11.99;10.74664947;1.243350525
7;4.6885;1;10.45;8.992640898;1.457359102
7;4.0835;1;9.04;7.500603761;1.539396239
7;3.5565;1;7.74;6.238988639;1.501011361
7;3.0975;1;6.54;5.177672802;1.362327198
7;2.698;1;5.42;4.289209467;1.130790533
7;2.35;1;4.38;3.54744527;0.83255473
7;2.0465;1;3.42;2.929264127;0.490735873
7;1.7825;1;2.56;2.416683475;0.143316525
7;1.5525;1;1.81;1.99185564;-0.18185564
7;1.352;1;1.17;1.640149764;-0.470149764
7;1.1775;1;0.67;1.349861792;-0.679861792
7;1.0255;1;0.3;1.110337237;-0.810337237
7;0.8935;1;0.1;0.913470468;-0.813470468
7;0.778;1;0.02;0.750571294;-0.730571294
7;0.6775;1;0.02;0.616631342;-0.596631342
7;0.5905;1;0.02;0.507103859;-0.487103859
7;0.5145;1;0.02;0.4167508;-0.3967508
7;0.448;1;0.02;0.342134319;-0.322134319
7;0.39;1;0.02;0.280741926;-0.260741926
7;0.3395;1;0.02;0.23033164;-0.21033164
7;0.2955;1;0.02;0.188920217;-0.168920217
7;0.2575;1;0.02;0.155198707;-0.135198707
7;0.2245;1;0.02;0.127580721;-0.107580721
7;0.1955;1;0.02;0.104696827;-0.084696827
7;0.17;1;0.02;0.085736542;-0.065736542
7;0.148;1;0.02;0.070325627;-0.050325627
7;0.129;1;0.02;0.057781123;-0.037781123
7;0.1125;1;0.02;0.047509936;-0.027509936
7;0.098;1;0.02;0.03900095;-0.01900095
7;0.085;1;0.02;0.031817727;-0.011817727
7;0.074;1;0.02;0.026096044;-0.006096044
7;0.0645;1;0.02;0.021439406;-0.001439406
7;0.056;1;0.02;0.017515222;0.002484778
7;0.049;1;0.02;0.014469404;0.005530596
7;0.043;1;0.02;0.012003066;0.007996934
7;0.0375;1;0.02;0.009868594;0.010131406
7;0.0325;1;0.02;0.008041525;0.011958475
7;0.028;1;0.02;0.006497292;0.013502708
7;0.0245;1;0.02;0.005367339;0.014632661
7;0.0215;1;0.02;0.004452397;0.015547603
7;0.0185;1;0.02;0.003590957;0.016409043
7;0.016;1;0.02;0.002917394;0.017082606
7;0.014;1;0.02;0.002410011;0.017589989
7;0.012;1;0.02;0.001932991;0.018067009
7;0.0105;1;0.02;0.001596809;0.018403191
8;257.653;1;100;96.82684948;3.17315052
8;224.4065;1;99.88;96.15992141;3.720078587
8;195.45;1;99.5;95.35953749;4.140462515
8;170.2295;1;98.68;94.40202288;4.277977116
8;148.2635;1;97.3;93.26090275;4.039097253
8;129.132;1;95.23;91.90711721;3.322882791
8;112.4695;1;92.42;90.30967014;2.110329859
8;97.957;1;88.86;88.43657075;0.423429251
8;85.317;1;84.63;86.25648462;-1.626484624
8;74.308;1;79.86;83.74094162;-3.880941619
8;64.7195;1;74.71;80.8670756;-6.157075604
8;56.3685;1;69.36;77.62109014;-8.261090138
8;49.095;1;63.97;74.00142191;-10.03142191
8;42.76;1;58.68;70.02237525;-11.34237525
8;37.2425;1;53.6;65.71652574;-12.11652574
8;32.437;1;48.8;61.13553125;-12.33553125
8;28.2515;1;44.32;56.34892412;-12.02892412
8;24.606;1;40.16;51.44093311;-11.28093311
8;21.431;1;36.32;46.50514939;-10.18514939
8;18.6655;1;32.79;41.63653874;-8.846538736
8;16.257;1;29.54;36.9260715;-7.386071495
8;14.1595;1;26.55;32.4526831;-5.902683099
8;12.3325;1;23.8;28.27796862;-4.477968618
8;10.741;1;21.28;24.445347;-3.165346996
8;9.355;1;18.97;20.98052458;-2.01052458
8;8.148;1;16.86;17.89090608;-1.030906078
8;7.0965;1;14.93;15.1683332;-0.238333203
8;6.1805;1;13.17;12.79500047;0.374999525
8;5.383;1;11.57;10.74664947;0.823350525
8;4.6885;1;10.1;8.992640898;1.107359102
8;4.0835;1;8.75;7.500603761;1.249396239
8;3.5565;1;7.5;6.238988639;1.261011361
8;3.0975;1;6.33;5.177672802;1.152327198
8;2.698;1;5.24;4.289209467;0.950790533
8;2.35;1;4.22;3.54744527;0.67255473
8;2.0465;1;3.28;2.929264127;0.350735873
8;1.7825;1;2.43;2.416683475;0.013316525
8;1.5525;1;1.69;1.99185564;-0.30185564
8;1.352;1;1.08;1.640149764;-0.560149764
8;1.1775;1;0.61;1.349861792;-0.739861792
8;1.0255;1;0.27;1.110337237;-0.840337237
8;0.8935;1;0.1;0.913470468;-0.813470468
8;0.778;1;0.04;0.750571294;-0.710571294
8;0.6775;1;0.04;0.616631342;-0.576631342
8;0.5905;1;0.04;0.507103859;-0.467103859
8;0.5145;1;0.04;0.4167508;-0.3767508
8;0.448;1;0.04;0.342134319;-0.302134319
8;0.39;1;0.04;0.280741926;-0.240741926
8;0.3395;1;0.04;0.23033164;-0.19033164
8;0.2955;1;0.04;0.188920217;-0.148920217
8;0.2575;1;0.04;0.155198707;-0.115198707
8;0.2245;1;0.04;0.127580721;-0.087580721
8;0.1955;1;0.04;0.104696827;-0.064696827
8;0.17;1;0.04;0.085736542;-0.045736542
8;0.148;1;0.04;0.070325627;-0.030325627
8;0.129;1;0.04;0.057781123;-0.017781123
8;0.1125;1;0.04;0.047509936;-0.007509936
8;0.098;1;0.04;0.03900095;0.00099905
8;0.085;1;0.04;0.031817727;0.008182273
8;0.074;1;0.04;0.026096044;0.013903956
8;0.0645;1;0.04;0.021439406;0.018560594
8;0.056;1;0.04;0.017515222;0.022484778
8;0.049;1;0.04;0.014469404;0.025530596
8;0.043;1;0.04;0.012003066;0.027996934
8;0.0375;1;0.04;0.009868594;0.030131406
8;0.0325;1;0.04;0.008041525;0.031958475
8;0.028;1;0.04;0.006497292;0.033502708
8;0.0245;1;0.04;0.005367339;0.034632661
8;0.0215;1;0.04;0.004452397;0.035547603
8;0.0185;1;0.04;0.003590957;0.036409043
8;0.016;1;0.04;0.002917394;0.037082606
8;0.014;1;0.04;0.002410011;0.037589989
8;0.012;1;0.04;0.001932991;0.038067009
8;0.0105;1;0.04;0.001596809;0.038403191
1;170.2295;2;100;97.58686796;2.413132042
1;148.2635;2;99.89;96.73021986;3.159780139
1;129.132;2;99.47;95.59284787;3.877152134
1;112.4695;2;98.69;94.10119072;4.588809279
1;97.957;2;97.41;92.17552224;5.234477756
1;85.317;2;95.55;89.73846633;5.811533667
1;74.308;2;93.05;86.72814258;6.321857422
1;64.7195;2;89.89;83.11427728;6.775722718
1;56.3685;2;86.09;78.91337906;7.176620941
1;49.095;2;81.73;74.19599723;7.534002773
1;42.76;2;76.93;69.08286558;7.847134425
1;37.2425;2;71.82;63.72838403;8.091615972
1;32.437;2;66.56;58.29708166;8.262918344
1;28.2515;2;61.29;52.94103631;8.348963694
1;24.606;2;56.13;47.78457787;8.34542213
1;21.431;2;51.18;42.91773248;8.262267515
1;18.6655;2;46.5;38.39591006;8.104089942
1;16.257;2;42.13;34.24691506;7.883084936
1;14.1595;2;38.07;30.47626057;7.593739431
1;12.3325;2;34.32;27.07347166;7.246528338
1;10.741;2;30.86;24.01902324;6.84097676
1;9.355;2;27.68;21.28899245;6.391007546
1;8.148;2;24.75;18.85626952;5.893730484
1;7.0965;2;22.05;16.69244455;5.35755545
1;6.1805;2;19.55;14.77095536;4.779044641
1;5.383;2;17.24;13.06765769;4.172342313
1;4.6885;2;15.09;11.5587094;3.531290602
1;4.0835;2;13.08;10.22233436;2.85766564
1;3.5565;2;11.2;9.039405597;2.160594403
1;3.0975;2;9.44;7.992774434;1.447225566
1;2.698;2;7.79;7.067595351;0.722404649
1;2.35;2;6.25;6.249242885;0.000757115
1;2.0465;2;4.84;5.524600039;-0.684600039
1;1.7825;2;3.57;4.884663269;-1.314663269
1;1.5525;2;2.47;4.31868532;-1.84868532
1;1.352;2;1.56;3.817831771;-2.257831771
1;1.1775;2;0.86;3.375339194;-2.515339194
1;1.0255;2;0.37;2.984084789;-2.614084789
1;0.8935;2;0.12;2.639194084;-2.519194084
1;0.778;2;0.03;2.332868438;-2.302868438
1;0.6775;2;0.03;2.062301819;-2.032301819
1;0.5905;2;0.03;1.824555955;-1.794555955
1;0.5145;2;0.03;1.613751015;-1.583751015
1;0.448;2;0.03;1.426515936;-1.396515936
1;0.39;2;0.03;1.260742123;-1.230742123
1;0.3395;2;0.03;1.11421714;-1.08421714
1;0.2955;2;0.03;0.984614857;-0.954614857
1;0.2575;2;0.03;0.870992375;-0.840992375
1;0.2245;2;0.03;0.770835814;-0.740835814
1;0.1955;2;0.03;0.681491632;-0.651491632
1;0.17;2;0.03;0.601733137;-0.571733137
1;0.148;2;0.03;0.531871094;-0.501871094
1;0.129;2;0.03;0.470621616;-0.440621616
1;0.1125;2;0.03;0.416630091;-0.386630091
1;0.098;2;0.03;0.368466499;-0.338466499
1;0.085;2;0.03;0.324620126;-0.294620126
1;0.074;2;0.03;0.286945451;-0.256945451
1;0.0645;2;0.03;0.253913673;-0.223913673
1;0.056;2;0.03;0.223905293;-0.193905293
1;0.049;2;0.03;0.198817562;-0.168817562
1;0.043;2;0.03;0.177000359;-0.147000359
1;0.0375;2;0.03;0.156706298;-0.126706298
1;0.0325;2;0.03;0.137972074;-0.107972074
1;0.028;2;0.03;0.120839118;-0.090839118
1;0.0245;2;0.03;0.107304646;-0.077304646
1;0.0215;2;0.03;0.095534022;-0.065534022
1;0.0185;2;0.03;0.083580807;-0.053580807
1;0.016;2;0.03;0.073456449;-0.043456449
1;0.014;2;0.03;0.065231518;-0.035231518
1;0.012;2;0.03;0.05687565;-0.02687565
1;0.0105;2;0.03;0.050508262;-0.020508262
2;170.2295;2;100;97.58686796;2.413132042
2;148.2635;2;99.9;96.73021986;3.169780139
2;129.132;2;99.59;95.59284787;3.997152134
2;112.4695;2;98.9;94.10119072;4.798809279
2;97.957;2;97.76;92.17552224;5.584477756
2;85.317;2;96.06;89.73846633;6.321533667
2;74.308;2;93.74;86.72814258;7.011857422
2;64.7195;2;90.77;83.11427728;7.655722718
2;56.3685;2;87.16;78.91337906;8.246620941
2;49.095;2;82.97;74.19599723;8.774002773
2;42.76;2;78.3;69.08286558;9.217134425
2;37.2425;2;73.28;63.72838403;9.551615972
2;32.437;2;68.06;58.29708166;9.762918344
2;28.2515;2;62.79;52.94103631;9.848963694
2;24.606;2;57.59;47.78457787;9.80542213
2;21.431;2;52.56;42.91773248;9.642267515
2;18.6655;2;47.78;38.39591006;9.384089942
2;16.257;2;43.29;34.24691506;9.043084936
2;14.1595;2;39.11;30.47626057;8.633739431
2;12.3325;2;35.24;27.07347166;8.166528338
2;10.741;2;31.67;24.01902324;7.65097676
2;9.355;2;28.38;21.28899245;7.091007546
2;8.148;2;25.35;18.85626952;6.493730484
2;7.0965;2;22.55;16.69244455;5.85755545
2;6.1805;2;19.97;14.77095536;5.199044641
2;5.383;2;17.58;13.06765769;4.512342313
2;4.6885;2;15.36;11.5587094;3.801290602
2;4.0835;2;13.3;10.22233436;3.07766564
2;3.5565;2;11.37;9.039405597;2.330594403
2;3.0975;2;9.57;7.992774434;1.577225566
2;2.698;2;7.89;7.067595351;0.822404649
2;2.35;2;6.33;6.249242885;0.080757115
2;2.0465;2;4.9;5.524600039;-0.624600039
2;1.7825;2;3.62;4.884663269;-1.264663269
2;1.5525;2;2.51;4.31868532;-1.80868532
2;1.352;2;1.59;3.817831771;-2.227831771
2;1.1775;2;0.88;3.375339194;-2.495339194
2;1.0255;2;0.37;2.984084789;-2.614084789
2;0.8935;2;0.1;2.639194084;-2.539194084
2;0.778;2;1.05194E-14;2.332868438;-2.332868438
2;0.6775;2;1.05194E-14;2.062301819;-2.062301819
2;0.5905;2;1.05194E-14;1.824555955;-1.824555955
2;0.5145;2;1.05194E-14;1.613751015;-1.613751015
2;0.448;2;1.05194E-14;1.426515936;-1.426515936
2;0.39;2;1.05194E-14;1.260742123;-1.260742123
2;0.3395;2;1.05194E-14;1.11421714;-1.11421714
2;0.2955;2;1.05194E-14;0.984614857;-0.984614857
2;0.2575;2;1.05194E-14;0.870992375;-0.870992375
2;0.2245;2;1.05194E-14;0.770835814;-0.770835814
2;0.1955;2;1.05194E-14;0.681491632;-0.681491632
2;0.17;2;1.05194E-14;0.601733137;-0.601733137
2;0.148;2;1.05194E-14;0.531871094;-0.531871094
2;0.129;2;1.05194E-14;0.470621616;-0.470621616
2;0.1125;2;1.05194E-14;0.416630091;-0.416630091
2;0.098;2;1.05194E-14;0.368466499;-0.368466499
2;0.085;2;1.05194E-14;0.324620126;-0.324620126
2;0.074;2;1.05194E-14;0.286945451;-0.286945451
2;0.0645;2;1.05194E-14;0.253913673;-0.253913673
2;0.056;2;1.05194E-14;0.223905293;-0.223905293
2;0.049;2;1.05194E-14;0.198817562;-0.198817562
2;0.043;2;1.05194E-14;0.177000359;-0.177000359
2;0.0375;2;1.05194E-14;0.156706298;-0.156706298
2;0.0325;2;1.05194E-14;0.137972074;-0.137972074
2;0.028;2;1.05194E-14;0.120839118;-0.120839118
2;0.0245;2;1.05194E-14;0.107304646;-0.107304646
2;0.0215;2;1.05194E-14;0.095534022;-0.095534022
2;0.0185;2;1.05194E-14;0.083580807;-0.083580807
2;0.016;2;1.05194E-14;0.073456449;-0.073456449
2;0.014;2;1.05194E-14;0.065231518;-0.065231518
2;0.012;2;1.05194E-14;0.05687565;-0.05687565
2;0.0105;2;1.05194E-14;0.050508262;-0.050508262
3;170.2295;2;100;97.58686796;2.413132042
3;148.2635;2;99.75;96.73021986;3.019780139
3;129.132;2;98.96;95.59284787;3.367152134
3;112.4695;2;97.7;94.10119072;3.598809279
3;97.957;2;95.79;92.17552224;3.614477756
3;85.317;2;93.2;89.73846633;3.461533667
3;74.308;2;89.9;86.72814258;3.171857422
3;64.7195;2;85.95;83.11427728;2.835722718
3;56.3685;2;81.43;78.91337906;2.516620941
3;49.095;2;76.47;74.19599723;2.274002773
3;42.76;2;71.22;69.08286558;2.137134425
3;37.2425;2;65.84;63.72838403;2.111615972
3;32.437;2;60.48;58.29708166;2.182918344
3;28.2515;2;55.25;52.94103631;2.308963694
3;24.606;2;50.25;47.78457787;2.46542213
3;21.431;2;45.54;42.91773248;2.622267515
3;18.6655;2;41.15;38.39591006;2.754089942
3;16.257;2;37.09;34.24691506;2.843084936
3;14.1595;2;33.35;30.47626057;2.873739431
3;12.3325;2;29.92;27.07347166;2.846528338
3;10.741;2;26.77;24.01902324;2.75097676
3;9.355;2;23.89;21.28899245;2.601007546
3;8.148;2;21.25;18.85626952;2.393730484
3;7.0965;2;18.83;16.69244455;2.13755545
3;6.1805;2;16.61;14.77095536;1.839044641
3;5.383;2;14.57;13.06765769;1.502342313
3;4.6885;2;12.7;11.5587094;1.141290602
3;4.0835;2;10.97;10.22233436;0.74766564
3;3.5565;2;9.37;9.039405597;0.330594403
3;3.0975;2;7.88;7.992774434;-0.112774434
3;2.698;2;6.5;7.067595351;-0.567595351
3;2.35;2;5.22;6.249242885;-1.029242885
3;2.0465;2;4.05;5.524600039;-1.474600039
3;1.7825;2;3;4.884663269;-1.884663269
3;1.5525;2;2.09;4.31868532;-2.22868532
3;1.352;2;1.33;3.817831771;-2.487831771
3;1.1775;2;0.74;3.375339194;-2.635339194
3;1.0255;2;0.32;2.984084789;-2.664084789
3;0.8935;2;0.09;2.639194084;-2.549194084
3;0.778;2;0.01;2.332868438;-2.322868438
3;0.6775;2;0.01;2.062301819;-2.052301819
3;0.5905;2;0.01;1.824555955;-1.814555955
3;0.5145;2;0.01;1.613751015;-1.603751015
3;0.448;2;0.01;1.426515936;-1.416515936
3;0.39;2;0.01;1.260742123;-1.250742123
3;0.3395;2;0.01;1.11421714;-1.10421714
3;0.2955;2;0.01;0.984614857;-0.974614857
3;0.2575;2;0.01;0.870992375;-0.860992375
3;0.2245;2;0.01;0.770835814;-0.760835814
3;0.1955;2;0.01;0.681491632;-0.671491632
3;0.17;2;0.01;0.601733137;-0.591733137
3;0.148;2;0.01;0.531871094;-0.521871094
3;0.129;2;0.01;0.470621616;-0.460621616
3;0.1125;2;0.01;0.416630091;-0.406630091
3;0.098;2;0.01;0.368466499;-0.358466499
3;0.085;2;0.01;0.324620126;-0.314620126
3;0.074;2;0.01;0.286945451;-0.276945451
3;0.0645;2;0.01;0.253913673;-0.243913673
3;0.056;2;0.01;0.223905293;-0.213905293
3;0.049;2;0.01;0.198817562;-0.188817562
3;0.043;2;0.01;0.177000359;-0.167000359
3;0.0375;2;0.01;0.156706298;-0.146706298
3;0.0325;2;0.01;0.137972074;-0.127972074
3;0.028;2;0.01;0.120839118;-0.110839118
3;0.0245;2;0.01;0.107304646;-0.097304646
3;0.0215;2;0.01;0.095534022;-0.085534022
3;0.0185;2;0.01;0.083580807;-0.073580807
3;0.016;2;0.01;0.073456449;-0.063456449
3;0.014;2;0.01;0.065231518;-0.055231518
3;0.012;2;0.01;0.05687565;-0.04687565
3;0.0105;2;0.01;0.050508262;-0.040508262
4;170.2295;2;100;97.58686796;2.413132042
4;148.2635;2;99.69;96.73021986;2.959780139
4;129.132;2;98.78;95.59284787;3.187152134
4;112.4695;2;97.38;94.10119072;3.278809279
4;97.957;2;95.31;92.17552224;3.134477756
4;85.317;2;92.55;89.73846633;2.811533667
4;74.308;2;89.1;86.72814258;2.371857422
4;64.7195;2;85.02;83.11427728;1.905722718
4;56.3685;2;80.41;78.91337906;1.496620941
4;49.095;2;75.41;74.19599723;1.214002773
4;42.76;2;70.17;69.08286558;1.087134425
4;37.2425;2;64.85;63.72838403;1.121615972
4;32.437;2;59.58;58.29708166;1.282918344
4;28.2515;2;54.48;52.94103631;1.538963694
4;24.606;2;49.63;47.78457787;1.84542213
4;21.431;2;45.07;42.91773248;2.152267515
4;18.6655;2;40.82;38.39591006;2.424089942
4;16.257;2;36.88;34.24691506;2.633084936
4;14.1595;2;33.23;30.47626057;2.753739431
4;12.3325;2;29.86;27.07347166;2.786528338
4;10.741;2;26.75;24.01902324;2.73097676
4;9.355;2;23.89;21.28899245;2.601007546
4;8.148;2;21.26;18.85626952;2.403730484
4;7.0965;2;18.84;16.69244455;2.14755545
4;6.1805;2;16.62;14.77095536;1.849044641
4;5.383;2;14.58;13.06765769;1.512342313
4;4.6885;2;12.71;11.5587094;1.151290602
4;4.0835;2;10.98;10.22233436;0.75766564
4;3.5565;2;9.38;9.039405597;0.340594403
4;3.0975;2;7.89;7.992774434;-0.102774434
4;2.698;2;6.51;7.067595351;-0.557595351
4;2.35;2;5.23;6.249242885;-1.019242885
4;2.0465;2;4.06;5.524600039;-1.464600039
4;1.7825;2;3.01;4.884663269;-1.874663269
4;1.5525;2;2.1;4.31868532;-2.21868532
4;1.352;2;1.34;3.817831771;-2.477831771
4;1.1775;2;0.75;3.375339194;-2.625339194
4;1.0255;2;0.33;2.984084789;-2.654084789
4;0.8935;2;0.1;2.639194084;-2.539194084
4;0.778;2;0.02;2.332868438;-2.312868438
4;0.6775;2;0.02;2.062301819;-2.042301819
4;0.5905;2;0.02;1.824555955;-1.804555955
4;0.5145;2;0.02;1.613751015;-1.593751015
4;0.448;2;0.02;1.426515936;-1.406515936
4;0.39;2;0.02;1.260742123;-1.240742123
4;0.3395;2;0.02;1.11421714;-1.09421714
4;0.2955;2;0.02;0.984614857;-0.964614857
4;0.2575;2;0.02;0.870992375;-0.850992375
4;0.2245;2;0.02;0.770835814;-0.750835814
4;0.1955;2;0.02;0.681491632;-0.661491632
4;0.17;2;0.02;0.601733137;-0.581733137
4;0.148;2;0.02;0.531871094;-0.511871094
4;0.129;2;0.02;0.470621616;-0.450621616
4;0.1125;2;0.02;0.416630091;-0.396630091
4;0.098;2;0.02;0.368466499;-0.348466499
4;0.085;2;0.02;0.324620126;-0.304620126
4;0.074;2;0.02;0.286945451;-0.266945451
4;0.0645;2;0.02;0.253913673;-0.233913673
4;0.056;2;0.02;0.223905293;-0.203905293
4;0.049;2;0.02;0.198817562;-0.178817562
4;0.043;2;0.02;0.177000359;-0.157000359
4;0.0375;2;0.02;0.156706298;-0.136706298
4;0.0325;2;0.02;0.137972074;-0.117972074
4;0.028;2;0.02;0.120839118;-0.100839118
4;0.0245;2;0.02;0.107304646;-0.087304646
4;0.0215;2;0.02;0.095534022;-0.075534022
4;0.0185;2;0.02;0.083580807;-0.063580807
4;0.016;2;0.02;0.073456449;-0.053456449
4;0.014;2;0.02;0.065231518;-0.045231518
4;0.012;2;0.02;0.05687565;-0.03687565
4;0.0105;2;0.02;0.050508262;-0.030508262
5;224.4065;2;100;98.69974438;1.300255618
5;195.45;2;99.82;98.22609082;1.593909181
5;170.2295;2;99.26;97.58686796;1.673132042
5;148.2635;2;98.2;96.73021986;1.469780139
5;129.132;2;96.49;95.59284787;0.897152134
5;112.4695;2;94.06;94.10119072;-0.041190721
5;97.957;2;90.87;92.17552224;-1.305522244
5;85.317;2;86.97;89.73846633;-2.768466333
5;74.308;2;82.46;86.72814258;-4.268142578
5;64.7195;2;77.49;83.11427728;-5.624277282
5;56.3685;2;72.22;78.91337906;-6.693379059
5;49.095;2;66.84;74.19599723;-7.355997227
5;42.76;2;61.5;69.08286558;-7.582865575
5;37.2425;2;56.33;63.72838403;-7.398384028
5;32.437;2;51.41;58.29708166;-6.887081656
5;28.2515;2;46.81;52.94103631;-6.131036306
5;24.606;2;42.54;47.78457787;-5.24457787
5;21.431;2;38.6;42.91773248;-4.317732485
5;18.6655;2;34.97;38.39591006;-3.425910058
5;16.257;2;31.62;34.24691506;-2.626915064
5;14.1595;2;28.53;30.47626057;-1.946260569
5;12.3325;2;25.68;27.07347166;-1.393471662
5;10.741;2;23.04;24.01902324;-0.97902324
5;9.355;2;20.61;21.28899245;-0.678992454
5;8.148;2;18.37;18.85626952;-0.486269516
5;7.0965;2;16.3;16.69244455;-0.39244455
5;6.1805;2;14.4;14.77095536;-0.370955359
5;5.383;2;12.65;13.06765769;-0.417657687
5;4.6885;2;11.04;11.5587094;-0.518709398
5;4.0835;2;9.55;10.22233436;-0.67233436
5;3.5565;2;8.17;9.039405597;-0.869405597
5;3.0975;2;6.89;7.992774434;-1.102774434
5;2.698;2;5.69;7.067595351;-1.377595351
5;2.35;2;4.58;6.249242885;-1.669242885
5;2.0465;2;3.56;5.524600039;-1.964600039
5;1.7825;2;2.65;4.884663269;-2.234663269
5;1.5525;2;1.85;4.31868532;-2.46868532
5;1.352;2;1.18;3.817831771;-2.637831771
5;1.1775;2;0.66;3.375339194;-2.715339194
5;1.0255;2;0.28;2.984084789;-2.704084789
5;0.8935;2;0.07;2.639194084;-2.569194084
6;195.45;2;100;98.22609082;1.773909181
6;170.2295;2;99.59;97.58686796;2.003132042
6;148.2635;2;98.55;96.73021986;1.819780139
6;129.132;2;96.93;95.59284787;1.337152134
6;112.4695;2;94.57;94.10119072;0.468809279
6;97.957;2;91.46;92.17552224;-0.715522244
6;85.317;2;87.63;89.73846633;-2.108466333
6;74.308;2;83.17;86.72814258;-3.558142578
6;64.7195;2;78.24;83.11427728;-4.874277282
6;56.3685;2;73.01;78.91337906;-5.903379059
6;49.095;2;67.64;74.19599723;-6.555997227
6;42.76;2;62.3;69.08286558;-6.782865575
6;37.2425;2;57.11;63.72838403;-6.618384028
6;32.437;2;52.16;58.29708166;-6.137081656
6;28.2515;2;47.51;52.94103631;-5.431036306
6;24.606;2;43.18;47.78457787;-4.60457787
6;21.431;2;39.17;42.91773248;-3.747732485
6;18.6655;2;35.46;38.39591006;-2.935910058
6;16.257;2;32.04;34.24691506;-2.206915064
6;14.1595;2;28.88;30.47626057;-1.596260569
6;12.3325;2;25.96;27.07347166;-1.113471662
6;10.741;2;23.26;24.01902324;-0.75902324
6;9.355;2;20.77;21.28899245;-0.518992454
6;8.148;2;18.48;18.85626952;-0.376269516
6;7.0965;2;16.37;16.69244455;-0.32244455
6;6.1805;2;14.43;14.77095536;-0.340955359
6;5.383;2;12.65;13.06765769;-0.417657687
6;4.6885;2;11.02;11.5587094;-0.538709398
6;4.0835;2;9.52;10.22233436;-0.70233436
6;3.5565;2;8.13;9.039405597;-0.909405597
6;3.0975;2;6.84;7.992774434;-1.152774434
6;2.698;2;5.64;7.067595351;-1.427595351
6;2.35;2;4.53;6.249242885;-1.719242885
6;2.0465;2;3.52;5.524600039;-2.004600039
6;1.7825;2;2.62;4.884663269;-2.264663269
6;1.5525;2;1.83;4.31868532;-2.48868532
6;1.352;2;1.17;3.817831771;-2.647831771
6;1.1775;2;0.66;3.375339194;-2.715339194
6;1.0255;2;0.29;2.984084789;-2.694084789
6;0.8935;2;0.09;2.639194084;-2.549194084
6;0.778;2;0.02;2.332868438;-2.312868438
6;0.6775;2;0.02;2.062301819;-2.042301819
6;0.5905;2;0.02;1.824555955;-1.804555955
6;0.5145;2;0.02;1.613751015;-1.593751015
6;0.448;2;0.02;1.426515936;-1.406515936
6;0.39;2;0.02;1.260742123;-1.240742123
6;0.3395;2;0.02;1.11421714;-1.09421714
6;0.2955;2;0.02;0.984614857;-0.964614857
6;0.2575;2;0.02;0.870992375;-0.850992375
6;0.2245;2;0.02;0.770835814;-0.750835814
6;0.1955;2;0.02;0.681491632;-0.661491632
6;0.17;2;0.02;0.601733137;-0.581733137
6;0.148;2;0.02;0.531871094;-0.511871094
6;0.129;2;0.02;0.470621616;-0.450621616
6;0.1125;2;0.02;0.416630091;-0.396630091
6;0.098;2;0.02;0.368466499;-0.348466499
6;0.085;2;0.02;0.324620126;-0.304620126
6;0.074;2;0.02;0.286945451;-0.266945451
6;0.0645;2;0.02;0.253913673;-0.233913673
6;0.056;2;0.02;0.223905293;-0.203905293
6;0.049;2;0.02;0.198817562;-0.178817562
6;0.043;2;0.02;0.177000359;-0.157000359
6;0.0375;2;0.02;0.156706298;-0.136706298
6;0.0325;2;0.02;0.137972074;-0.117972074
6;0.028;2;0.02;0.120839118;-0.100839118
6;0.0245;2;0.02;0.107304646;-0.087304646
6;0.0215;2;0.02;0.095534022;-0.075534022
6;0.0185;2;0.02;0.083580807;-0.063580807
6;0.016;2;0.02;0.073456449;-0.053456449
6;0.014;2;0.02;0.065231518;-0.045231518
6;0.012;2;0.02;0.05687565;-0.03687565
6;0.0105;2;0.02;0.050508262;-0.030508262
7;257.653;2;100;99.04891534;0.951084657
7;224.4065;2;99.87;98.69974438;1.170255618
7;195.45;2;99.52;98.22609082;1.293909181
7;170.2295;2;98.78;97.58686796;1.193132042
7;148.2635;2;97.53;96.73021986;0.799780139
7;129.132;2;95.63;95.59284787;0.037152134
7;112.4695;2;93.02;94.10119072;-1.081190721
7;97.957;2;89.68;92.17552224;-2.495522244
7;85.317;2;85.67;89.73846633;-4.068466333
7;74.308;2;81.1;86.72814258;-5.628142578
7;64.7195;2;76.13;83.11427728;-6.984277282
7;56.3685;2;70.92;78.91337906;-7.993379059
7;49.095;2;65.64;74.19599723;-8.555997227
7;42.76;2;60.42;69.08286558;-8.662865575
7;37.2425;2;55.37;63.72838403;-8.358384028
7;32.437;2;50.57;58.29708166;-7.727081656
7;28.2515;2;46.05;52.94103631;-6.891036306
7;24.606;2;41.83;47.78457787;-5.95457787
7;21.431;2;37.91;42.91773248;-5.007732485
7;18.6655;2;34.27;38.39591006;-4.125910058
7;16.257;2;30.89;34.24691506;-3.356915064
7;14.1595;2;27.76;30.47626057;-2.716260569
7;12.3325;2;24.88;27.07347166;-2.193471662
7;10.741;2;22.22;24.01902324;-1.79902324
7;9.355;2;19.78;21.28899245;-1.508992454
7;8.148;2;17.55;18.85626952;-1.306269516
7;7.0965;2;15.52;16.69244455;-1.17244455
7;6.1805;2;13.67;14.77095536;-1.100955359
7;5.383;2;11.99;13.06765769;-1.077657687
7;4.6885;2;10.45;11.5587094;-1.108709398
7;4.0835;2;9.04;10.22233436;-1.18233436
7;3.5565;2;7.74;9.039405597;-1.299405597
7;3.0975;2;6.54;7.992774434;-1.452774434
7;2.698;2;5.42;7.067595351;-1.647595351
7;2.35;2;4.38;6.249242885;-1.869242885
7;2.0465;2;3.42;5.524600039;-2.104600039
7;1.7825;2;2.56;4.884663269;-2.324663269
7;1.5525;2;1.81;4.31868532;-2.50868532
7;1.352;2;1.17;3.817831771;-2.647831771
7;1.1775;2;0.67;3.375339194;-2.705339194
7;1.0255;2;0.3;2.984084789;-2.684084789
7;0.8935;2;0.1;2.639194084;-2.539194084
7;0.778;2;0.02;2.332868438;-2.312868438
7;0.6775;2;0.02;2.062301819;-2.042301819
7;0.5905;2;0.02;1.824555955;-1.804555955
7;0.5145;2;0.02;1.613751015;-1.593751015
7;0.448;2;0.02;1.426515936;-1.406515936
7;0.39;2;0.02;1.260742123;-1.240742123
7;0.3395;2;0.02;1.11421714;-1.09421714
7;0.2955;2;0.02;0.984614857;-0.964614857
7;0.2575;2;0.02;0.870992375;-0.850992375
7;0.2245;2;0.02;0.770835814;-0.750835814
7;0.1955;2;0.02;0.681491632;-0.661491632
7;0.17;2;0.02;0.601733137;-0.581733137
7;0.148;2;0.02;0.531871094;-0.511871094
7;0.129;2;0.02;0.470621616;-0.450621616
7;0.1125;2;0.02;0.416630091;-0.396630091
7;0.098;2;0.02;0.368466499;-0.348466499
7;0.085;2;0.02;0.324620126;-0.304620126
7;0.074;2;0.02;0.286945451;-0.266945451
7;0.0645;2;0.02;0.253913673;-0.233913673
7;0.056;2;0.02;0.223905293;-0.203905293
7;0.049;2;0.02;0.198817562;-0.178817562
7;0.043;2;0.02;0.177000359;-0.157000359
7;0.0375;2;0.02;0.156706298;-0.136706298
7;0.0325;2;0.02;0.137972074;-0.117972074
7;0.028;2;0.02;0.120839118;-0.100839118
7;0.0245;2;0.02;0.107304646;-0.087304646
7;0.0215;2;0.02;0.095534022;-0.075534022
7;0.0185;2;0.02;0.083580807;-0.063580807
7;0.016;2;0.02;0.073456449;-0.053456449
7;0.014;2;0.02;0.065231518;-0.045231518
7;0.012;2;0.02;0.05687565;-0.03687565
7;0.0105;2;0.02;0.050508262;-0.030508262
8;257.653;2;100;99.04891534;0.951084657
8;224.4065;2;99.88;98.69974438;1.180255618
8;195.45;2;99.5;98.22609082;1.273909181
8;170.2295;2;98.68;97.58686796;1.093132042
8;148.2635;2;97.3;96.73021986;0.569780139
8;129.132;2;95.23;95.59284787;-0.362847866
8;112.4695;2;92.42;94.10119072;-1.681190721
8;97.957;2;88.86;92.17552224;-3.315522244
8;85.317;2;84.63;89.73846633;-5.108466333
8;74.308;2;79.86;86.72814258;-6.868142578
8;64.7195;2;74.71;83.11427728;-8.404277282
8;56.3685;2;69.36;78.91337906;-9.553379059
8;49.095;2;63.97;74.19599723;-10.22599723
8;42.76;2;58.68;69.08286558;-10.40286558
8;37.2425;2;53.6;63.72838403;-10.12838403
8;32.437;2;48.8;58.29708166;-9.497081656
8;28.2515;2;44.32;52.94103631;-8.621036306
8;24.606;2;40.16;47.78457787;-7.62457787
8;21.431;2;36.32;42.91773248;-6.597732485
8;18.6655;2;32.79;38.39591006;-5.605910058
8;16.257;2;29.54;34.24691506;-4.706915064
8;14.1595;2;26.55;30.47626057;-3.926260569
8;12.3325;2;23.8;27.07347166;-3.273471662
8;10.741;2;21.28;24.01902324;-2.73902324
8;9.355;2;18.97;21.28899245;-2.318992454
8;8.148;2;16.86;18.85626952;-1.996269516
8;7.0965;2;14.93;16.69244455;-1.76244455
8;6.1805;2;13.17;14.77095536;-1.600955359
8;5.383;2;11.57;13.06765769;-1.497657687
8;4.6885;2;10.1;11.5587094;-1.458709398
8;4.0835;2;8.75;10.22233436;-1.47233436
8;3.5565;2;7.5;9.039405597;-1.539405597
8;3.0975;2;6.33;7.992774434;-1.662774434
8;2.698;2;5.24;7.067595351;-1.827595351
8;2.35;2;4.22;6.249242885;-2.029242885
8;2.0465;2;3.28;5.524600039;-2.244600039
8;1.7825;2;2.43;4.884663269;-2.454663269
8;1.5525;2;1.69;4.31868532;-2.62868532
8;1.352;2;1.08;3.817831771;-2.737831771
8;1.1775;2;0.61;3.375339194;-2.765339194
8;1.0255;2;0.27;2.984084789;-2.714084789
8;0.8935;2;0.1;2.639194084;-2.539194084
8;0.778;2;0.04;2.332868438;-2.292868438
8;0.6775;2;0.04;2.062301819;-2.022301819
8;0.5905;2;0.04;1.824555955;-1.784555955
8;0.5145;2;0.04;1.613751015;-1.573751015
8;0.448;2;0.04;1.426515936;-1.386515936
8;0.39;2;0.04;1.260742123;-1.220742123
8;0.3395;2;0.04;1.11421714;-1.07421714
8;0.2955;2;0.04;0.984614857;-0.944614857
8;0.2575;2;0.04;0.870992375;-0.830992375
8;0.2245;2;0.04;0.770835814;-0.730835814
8;0.1955;2;0.04;0.681491632;-0.641491632
8;0.17;2;0.04;0.601733137;-0.561733137
8;0.148;2;0.04;0.531871094;-0.491871094
8;0.129;2;0.04;0.470621616;-0.430621616
8;0.1125;2;0.04;0.416630091;-0.376630091
8;0.098;2;0.04;0.368466499;-0.328466499
8;0.085;2;0.04;0.324620126;-0.284620126
8;0.074;2;0.04;0.286945451;-0.246945451
8;0.0645;2;0.04;0.253913673;-0.213913673
8;0.056;2;0.04;0.223905293;-0.183905293
8;0.049;2;0.04;0.198817562;-0.158817562
8;0.043;2;0.04;0.177000359;-0.137000359
8;0.0375;2;0.04;0.156706298;-0.116706298
8;0.0325;2;0.04;0.137972074;-0.097972074
8;0.028;2;0.04;0.120839118;-0.080839118
8;0.0245;2;0.04;0.107304646;-0.067304646
8;0.0215;2;0.04;0.095534022;-0.055534022
8;0.0185;2;0.04;0.083580807;-0.043580807
8;0.016;2;0.04;0.073456449;-0.033456449
8;0.014;2;0.04;0.065231518;-0.025231518
8;0.012;2;0.04;0.05687565;-0.01687565
8;0.0105;2;0.04;0.050508262;-0.010508262
1;170.2295;3;100;99.0285795;0.9714205
1;148.2635;3;99.89;98.22231135;1.667688652
1;129.132;3;99.47;96.9933747;2.476625296
1;112.4695;3;98.69;95.25170104;3.43829896
1;97.957;3;97.41;92.93490161;4.47509839
1;85.317;3;95.55;90.01851284;5.531487163
1;74.308;3;93.05;86.51961838;6.530381618
1;64.7195;3;89.89;82.49381599;7.396184006
1;56.3685;3;86.09;78.02753447;8.062465535
1;49.095;3;81.73;73.22693718;8.503062816
1;42.76;3;76.93;68.20733995;8.722660052
1;37.2425;3;71.82;63.08326426;8.736735744
1;32.437;3;66.56;57.96059023;8.59940977
1;28.2515;3;61.29;52.93133263;8.358667374
1;24.606;3;56.13;48.07115795;8.058842052
1;21.431;3;51.18;43.4387367;7.741263304
1;18.6655;3;46.5;39.07542488;7.424575123
1;16.257;3;42.13;35.00863558;7.121364415
1;14.1595;3;38.07;31.25251705;6.817482953
1;12.3325;3;34.32;27.80987703;6.510122971
1;10.741;3;30.86;24.6758228;6.184177195
1;9.355;3;27.68;21.84034639;5.839653609
1;8.148;3;24.75;19.28832921;5.461670787
1;7.0965;3;22.05;17.00091435;5.049085651
1;6.1805;3;19.55;14.95874029;4.591259708
1;5.383;3;17.24;13.14276419;4.09723581
1;4.6885;3;15.09;11.53231959;3.557680408
1;4.0835;3;13.08;10.10735163;2.972648372
1;3.5565;3;11.2;8.849396506;2.350603494
1;3.0975;3;9.44;7.741174787;1.698825213
1;2.698;3;7.79;6.767187331;1.022812669
1;2.35;3;6.25;5.911730735;0.338269265
1;2.0465;3;4.84;5.160443831;-0.320443831
1;1.7825;3;3.57;4.503094873;-0.933094873
1;1.5525;3;2.47;3.927598089;-1.457598089
1;1.352;3;1.56;3.423879745;-1.863879745
1;1.1775;3;0.86;2.984025154;-2.124025154
1;1.0255;3;0.37;2.599857831;-2.229857831
1;0.8935;3;0.12;2.265530256;-2.145530256
1;0.778;3;0.03;1.972512998;-1.942512998
1;0.6775;3;0.03;1.717237277;-1.687237277
1;0.5905;3;0.03;1.496062633;-1.466062633
1;0.5145;3;0.03;1.302747975;-1.272747975
1;0.448;3;0.03;1.133552231;-1.103552231
1;0.39;3;0.03;0.985978747;-0.955978747
1;0.3395;3;0.03;0.857511267;-0.827511267
1;0.2955;3;0.03;0.745619879;-0.715619879
1;0.2575;3;0.03;0.649036641;-0.619036641
1;0.2245;3;0.03;0.56521645;-0.53521645
1;0.1955;3;0.03;0.491613152;-0.461613152
1;0.17;3;0.03;0.426950198;-0.396950198
1;0.148;3;0.03;0.371216997;-0.341216997
1;0.129;3;0.03;0.323134126;-0.293134126
1;0.1125;3;0.03;0.281424154;-0.251424154
1;0.098;3;0.03;0.244812716;-0.214812716
1;0.085;3;0.03;0.212029437;-0.182029437
1;0.074;3;0.03;0.184325587;-0.154325587
1;0.0645;3;0.03;0.160430836;-0.130430836
1;0.056;3;0.03;0.139080274;-0.109080274
1;0.049;3;0.03;0.121521496;-0.091521496
1;0.043;3;0.03;0.106491233;-0.076491233
1;0.0375;3;0.03;0.0927324;-0.0627324
1;0.0325;3;0.03;0.080242579;-0.050242579
1;0.028;3;0.03;0.069019023;-0.039019023
1;0.0245;3;0.03;0.060302754;-0.030302754
1;0.0215;3;0.03;0.052842266;-0.022842266
1;0.0185;3;0.03;0.045393075;-0.015393075
1;0.016;3;0.03;0.039195409;-0.009195409
1;0.014;3;0.03;0.034244857;-0.004244857
1;0.012;3;0.03;0.029302113;0.000697887
1;0.0105;3;0.03;0.025600967;0.004399033
2;170.2295;3;100;99.0285795;0.9714205
2;148.2635;3;99.9;98.22231135;1.677688652
2;129.132;3;99.59;96.9933747;2.596625296
2;112.4695;3;98.9;95.25170104;3.64829896
2;97.957;3;97.76;92.93490161;4.82509839
2;85.317;3;96.06;90.01851284;6.041487163
2;74.308;3;93.74;86.51961838;7.220381618
2;64.7195;3;90.77;82.49381599;8.276184006
2;56.3685;3;87.16;78.02753447;9.132465535
2;49.095;3;82.97;73.22693718;9.743062816
2;42.76;3;78.3;68.20733995;10.09266005
2;37.2425;3;73.28;63.08326426;10.19673574
2;32.437;3;68.06;57.96059023;10.09940977
2;28.2515;3;62.79;52.93133263;9.858667374
2;24.606;3;57.59;48.07115795;9.518842052
2;21.431;3;52.56;43.4387367;9.121263304
2;18.6655;3;47.78;39.07542488;8.704575123
2;16.257;3;43.29;35.00863558;8.281364415
2;14.1595;3;39.11;31.25251705;7.857482953
2;12.3325;3;35.24;27.80987703;7.430122971
2;10.741;3;31.67;24.6758228;6.994177195
2;9.355;3;28.38;21.84034639;6.539653609
2;8.148;3;25.35;19.28832921;6.061670787
2;7.0965;3;22.55;17.00091435;5.549085651
2;6.1805;3;19.97;14.95874029;5.011259708
2;5.383;3;17.58;13.14276419;4.43723581
2;4.6885;3;15.36;11.53231959;3.827680408
2;4.0835;3;13.3;10.10735163;3.192648372
2;3.5565;3;11.37;8.849396506;2.520603494
2;3.0975;3;9.57;7.741174787;1.828825213
2;2.698;3;7.89;6.767187331;1.122812669
2;2.35;3;6.33;5.911730735;0.418269265
2;2.0465;3;4.9;5.160443831;-0.260443831
2;1.7825;3;3.62;4.503094873;-0.883094873
2;1.5525;3;2.51;3.927598089;-1.417598089
2;1.352;3;1.59;3.423879745;-1.833879745
2;1.1775;3;0.88;2.984025154;-2.104025154
2;1.0255;3;0.37;2.599857831;-2.229857831
2;0.8935;3;0.1;2.265530256;-2.165530256
2;0.778;3;1.05194E-14;1.972512998;-1.972512998
2;0.6775;3;1.05194E-14;1.717237277;-1.717237277
2;0.5905;3;1.05194E-14;1.496062633;-1.496062633
2;0.5145;3;1.05194E-14;1.302747975;-1.302747975
2;0.448;3;1.05194E-14;1.133552231;-1.133552231
2;0.39;3;1.05194E-14;0.985978747;-0.985978747
2;0.3395;3;1.05194E-14;0.857511267;-0.857511267
2;0.2955;3;1.05194E-14;0.745619879;-0.745619879
2;0.2575;3;1.05194E-14;0.649036641;-0.649036641
2;0.2245;3;1.05194E-14;0.56521645;-0.56521645
2;0.1955;3;1.05194E-14;0.491613152;-0.491613152
2;0.17;3;1.05194E-14;0.426950198;-0.426950198
2;0.148;3;1.05194E-14;0.371216997;-0.371216997
2;0.129;3;1.05194E-14;0.323134126;-0.323134126
2;0.1125;3;1.05194E-14;0.281424154;-0.281424154
2;0.098;3;1.05194E-14;0.244812716;-0.244812716
2;0.085;3;1.05194E-14;0.212029437;-0.212029437
2;0.074;3;1.05194E-14;0.184325587;-0.184325587
2;0.0645;3;1.05194E-14;0.160430836;-0.160430836
2;0.056;3;1.05194E-14;0.139080274;-0.139080274
2;0.049;3;1.05194E-14;0.121521496;-0.121521496
2;0.043;3;1.05194E-14;0.106491233;-0.106491233
2;0.0375;3;1.05194E-14;0.0927324;-0.0927324
2;0.0325;3;1.05194E-14;0.080242579;-0.080242579
2;0.028;3;1.05194E-14;0.069019023;-0.069019023
2;0.0245;3;1.05194E-14;0.060302754;-0.060302754
2;0.0215;3;1.05194E-14;0.052842266;-0.052842266
2;0.0185;3;1.05194E-14;0.045393075;-0.045393075
2;0.016;3;1.05194E-14;0.039195409;-0.039195409
2;0.014;3;1.05194E-14;0.034244857;-0.034244857
2;0.012;3;1.05194E-14;0.029302113;-0.029302113
2;0.0105;3;1.05194E-14;0.025600967;-0.025600967
3;170.2295;3;100;99.0285795;0.9714205
3;148.2635;3;99.75;98.22231135;1.527688652
3;129.132;3;98.96;96.9933747;1.966625296
3;112.4695;3;97.7;95.25170104;2.44829896
3;97.957;3;95.79;92.93490161;2.85509839
3;85.317;3;93.2;90.01851284;3.181487163
3;74.308;3;89.9;86.51961838;3.380381618
3;64.7195;3;85.95;82.49381599;3.456184006
3;56.3685;3;81.43;78.02753447;3.402465535
3;49.095;3;76.47;73.22693718;3.243062816
3;42.76;3;71.22;68.20733995;3.012660052
3;37.2425;3;65.84;63.08326426;2.756735744
3;32.437;3;60.48;57.96059023;2.51940977
3;28.2515;3;55.25;52.93133263;2.318667374
3;24.606;3;50.25;48.07115795;2.178842052
3;21.431;3;45.54;43.4387367;2.101263304
3;18.6655;3;41.15;39.07542488;2.074575123
3;16.257;3;37.09;35.00863558;2.081364415
3;14.1595;3;33.35;31.25251705;2.097482953
3;12.3325;3;29.92;27.80987703;2.110122971
3;10.741;3;26.77;24.6758228;2.094177195
3;9.355;3;23.89;21.84034639;2.049653609
3;8.148;3;21.25;19.28832921;1.961670787
3;7.0965;3;18.83;17.00091435;1.829085651
3;6.1805;3;16.61;14.95874029;1.651259708
3;5.383;3;14.57;13.14276419;1.42723581
3;4.6885;3;12.7;11.53231959;1.167680408
3;4.0835;3;10.97;10.10735163;0.862648372
3;3.5565;3;9.37;8.849396506;0.520603494
3;3.0975;3;7.88;7.741174787;0.138825213
3;2.698;3;6.5;6.767187331;-0.267187331
3;2.35;3;5.22;5.911730735;-0.691730735
3;2.0465;3;4.05;5.160443831;-1.110443831
3;1.7825;3;3;4.503094873;-1.503094873
3;1.5525;3;2.09;3.927598089;-1.837598089
3;1.352;3;1.33;3.423879745;-2.093879745
3;1.1775;3;0.74;2.984025154;-2.244025154
3;1.0255;3;0.32;2.599857831;-2.279857831
3;0.8935;3;0.09;2.265530256;-2.175530256
3;0.778;3;0.01;1.972512998;-1.962512998
3;0.6775;3;0.01;1.717237277;-1.707237277
3;0.5905;3;0.01;1.496062633;-1.486062633
3;0.5145;3;0.01;1.302747975;-1.292747975
3;0.448;3;0.01;1.133552231;-1.123552231
3;0.39;3;0.01;0.985978747;-0.975978747
3;0.3395;3;0.01;0.857511267;-0.847511267
3;0.2955;3;0.01;0.745619879;-0.735619879
3;0.2575;3;0.01;0.649036641;-0.639036641
3;0.2245;3;0.01;0.56521645;-0.55521645
3;0.1955;3;0.01;0.491613152;-0.481613152
3;0.17;3;0.01;0.426950198;-0.416950198
3;0.148;3;0.01;0.371216997;-0.361216997
3;0.129;3;0.01;0.323134126;-0.313134126
3;0.1125;3;0.01;0.281424154;-0.271424154
3;0.098;3;0.01;0.244812716;-0.234812716
3;0.085;3;0.01;0.212029437;-0.202029437
3;0.074;3;0.01;0.184325587;-0.174325587
3;0.0645;3;0.01;0.160430836;-0.150430836
3;0.056;3;0.01;0.139080274;-0.129080274
3;0.049;3;0.01;0.121521496;-0.111521496
3;0.043;3;0.01;0.106491233;-0.096491233
3;0.0375;3;0.01;0.0927324;-0.0827324
3;0.0325;3;0.01;0.080242579;-0.070242579
3;0.028;3;0.01;0.069019023;-0.059019023
3;0.0245;3;0.01;0.060302754;-0.050302754
3;0.0215;3;0.01;0.052842266;-0.042842266
3;0.0185;3;0.01;0.045393075;-0.035393075
3;0.016;3;0.01;0.039195409;-0.029195409
3;0.014;3;0.01;0.034244857;-0.024244857
3;0.012;3;0.01;0.029302113;-0.019302113
3;0.0105;3;0.01;0.025600967;-0.015600967
4;170.2295;3;100;99.0285795;0.9714205
4;148.2635;3;99.69;98.22231135;1.467688652
4;129.132;3;98.78;96.9933747;1.786625296
4;112.4695;3;97.38;95.25170104;2.12829896
4;97.957;3;95.31;92.93490161;2.37509839
4;85.317;3;92.55;90.01851284;2.531487163
4;74.308;3;89.1;86.51961838;2.580381618
4;64.7195;3;85.02;82.49381599;2.526184006
4;56.3685;3;80.41;78.02753447;2.382465535
4;49.095;3;75.41;73.22693718;2.183062816
4;42.76;3;70.17;68.20733995;1.962660052
4;37.2425;3;64.85;63.08326426;1.766735744
4;32.437;3;59.58;57.96059023;1.61940977
4;28.2515;3;54.48;52.93133263;1.548667374
4;24.606;3;49.63;48.07115795;1.558842052
4;21.431;3;45.07;43.4387367;1.631263304
4;18.6655;3;40.82;39.07542488;1.744575123
4;16.257;3;36.88;35.00863558;1.871364415
4;14.1595;3;33.23;31.25251705;1.977482953
4;12.3325;3;29.86;27.80987703;2.050122971
4;10.741;3;26.75;24.6758228;2.074177195
4;9.355;3;23.89;21.84034639;2.049653609
4;8.148;3;21.26;19.28832921;1.971670787
4;7.0965;3;18.84;17.00091435;1.839085651
4;6.1805;3;16.62;14.95874029;1.661259708
4;5.383;3;14.58;13.14276419;1.43723581
4;4.6885;3;12.71;11.53231959;1.177680408
4;4.0835;3;10.98;10.10735163;0.872648372
4;3.5565;3;9.38;8.849396506;0.530603494
4;3.0975;3;7.89;7.741174787;0.148825213
4;2.698;3;6.51;6.767187331;-0.257187331
4;2.35;3;5.23;5.911730735;-0.681730735
4;2.0465;3;4.06;5.160443831;-1.100443831
4;1.7825;3;3.01;4.503094873;-1.493094873
4;1.5525;3;2.1;3.927598089;-1.827598089
4;1.352;3;1.34;3.423879745;-2.083879745
4;1.1775;3;0.75;2.984025154;-2.234025154
4;1.0255;3;0.33;2.599857831;-2.269857831
4;0.8935;3;0.1;2.265530256;-2.165530256
4;0.778;3;0.02;1.972512998;-1.952512998
4;0.6775;3;0.02;1.717237277;-1.697237277
4;0.5905;3;0.02;1.496062633;-1.476062633
4;0.5145;3;0.02;1.302747975;-1.282747975
4;0.448;3;0.02;1.133552231;-1.113552231
4;0.39;3;0.02;0.985978747;-0.965978747
4;0.3395;3;0.02;0.857511267;-0.837511267
4;0.2955;3;0.02;0.745619879;-0.725619879
4;0.2575;3;0.02;0.649036641;-0.629036641
4;0.2245;3;0.02;0.56521645;-0.54521645
4;0.1955;3;0.02;0.491613152;-0.471613152
4;0.17;3;0.02;0.426950198;-0.406950198
4;0.148;3;0.02;0.371216997;-0.351216997
4;0.129;3;0.02;0.323134126;-0.303134126
4;0.1125;3;0.02;0.281424154;-0.261424154
4;0.098;3;0.02;0.244812716;-0.224812716
4;0.085;3;0.02;0.212029437;-0.192029437
4;0.074;3;0.02;0.184325587;-0.164325587
4;0.0645;3;0.02;0.160430836;-0.140430836
4;0.056;3;0.02;0.139080274;-0.119080274
4;0.049;3;0.02;0.121521496;-0.101521496
4;0.043;3;0.02;0.106491233;-0.086491233
4;0.0375;3;0.02;0.0927324;-0.0727324
4;0.0325;3;0.02;0.080242579;-0.060242579
4;0.028;3;0.02;0.069019023;-0.049019023
4;0.0245;3;0.02;0.060302754;-0.040302754
4;0.0215;3;0.02;0.052842266;-0.032842266
4;0.0185;3;0.02;0.045393075;-0.025393075
4;0.016;3;0.02;0.039195409;-0.019195409
4;0.014;3;0.02;0.034244857;-0.014244857
4;0.012;3;0.02;0.029302113;-0.009302113
4;0.0105;3;0.02;0.025600967;-0.005600967
5;224.4065;3;100;99.78195653;0.218043475
5;195.45;3;99.82;99.51515708;0.304842916
5;170.2295;3;99.26;99.0285795;0.2314205
5;148.2635;3;98.2;98.22231135;-0.022311348
5;129.132;3;96.49;96.9933747;-0.503374704
5;112.4695;3;94.06;95.25170104;-1.19170104
5;97.957;3;90.87;92.93490161;-2.06490161
5;85.317;3;86.97;90.01851284;-3.048512837
5;74.308;3;82.46;86.51961838;-4.059618382
5;64.7195;3;77.49;82.49381599;-5.003815994
5;56.3685;3;72.22;78.02753447;-5.807534465
5;49.095;3;66.84;73.22693718;-6.386937184
5;42.76;3;61.5;68.20733995;-6.707339948
5;37.2425;3;56.33;63.08326426;-6.753264256
5;32.437;3;51.41;57.96059023;-6.55059023
5;28.2515;3;46.81;52.93133263;-6.121332626
5;24.606;3;42.54;48.07115795;-5.531157948
5;21.431;3;38.6;43.4387367;-4.838736696
5;18.6655;3;34.97;39.07542488;-4.105424877
5;16.257;3;31.62;35.00863558;-3.388635585
5;14.1595;3;28.53;31.25251705;-2.722517047
5;12.3325;3;25.68;27.80987703;-2.129877029
5;10.741;3;23.04;24.6758228;-1.635822805
5;9.355;3;20.61;21.84034639;-1.230346391
5;8.148;3;18.37;19.28832921;-0.918329213
5;7.0965;3;16.3;17.00091435;-0.700914349
5;6.1805;3;14.4;14.95874029;-0.558740292
5;5.383;3;12.65;13.14276419;-0.49276419
5;4.6885;3;11.04;11.53231959;-0.492319592
5;4.0835;3;9.55;10.10735163;-0.557351628
5;3.5565;3;8.17;8.849396506;-0.679396506
5;3.0975;3;6.89;7.741174787;-0.851174787
5;2.698;3;5.69;6.767187331;-1.077187331
5;2.35;3;4.58;5.911730735;-1.331730735
5;2.0465;3;3.56;5.160443831;-1.600443831
5;1.7825;3;2.65;4.503094873;-1.853094873
5;1.5525;3;1.85;3.927598089;-2.077598089
5;1.352;3;1.18;3.423879745;-2.243879745
5;1.1775;3;0.66;2.984025154;-2.324025154
5;1.0255;3;0.28;2.599857831;-2.319857831
5;0.8935;3;0.07;2.265530256;-2.195530256
6;195.45;3;100;99.51515708;0.484842916
6;170.2295;3;99.59;99.0285795;0.5614205
6;148.2635;3;98.55;98.22231135;0.327688652
6;129.132;3;96.93;96.9933747;-0.063374704
6;112.4695;3;94.57;95.25170104;-0.68170104
6;97.957;3;91.46;92.93490161;-1.47490161
6;85.317;3;87.63;90.01851284;-2.388512837
6;74.308;3;83.17;86.51961838;-3.349618382
6;64.7195;3;78.24;82.49381599;-4.253815994
6;56.3685;3;73.01;78.02753447;-5.017534465
6;49.095;3;67.64;73.22693718;-5.586937184
6;42.76;3;62.3;68.20733995;-5.907339948
6;37.2425;3;57.11;63.08326426;-5.973264256
6;32.437;3;52.16;57.96059023;-5.80059023
6;28.2515;3;47.51;52.93133263;-5.421332626
6;24.606;3;43.18;48.07115795;-4.891157948
6;21.431;3;39.17;43.4387367;-4.268736696
6;18.6655;3;35.46;39.07542488;-3.615424877
6;16.257;3;32.04;35.00863558;-2.968635585
6;14.1595;3;28.88;31.25251705;-2.372517047
6;12.3325;3;25.96;27.80987703;-1.849877029
6;10.741;3;23.26;24.6758228;-1.415822805
6;9.355;3;20.77;21.84034639;-1.070346391
6;8.148;3;18.48;19.28832921;-0.808329213
6;7.0965;3;16.37;17.00091435;-0.630914349
6;6.1805;3;14.43;14.95874029;-0.528740292
6;5.383;3;12.65;13.14276419;-0.49276419
6;4.6885;3;11.02;11.53231959;-0.512319592
6;4.0835;3;9.52;10.10735163;-0.587351628
6;3.5565;3;8.13;8.849396506;-0.719396506
6;3.0975;3;6.84;7.741174787;-0.901174787
6;2.698;3;5.64;6.767187331;-1.127187331
6;2.35;3;4.53;5.911730735;-1.381730735
6;2.0465;3;3.52;5.160443831;-1.640443831
6;1.7825;3;2.62;4.503094873;-1.883094873
6;1.5525;3;1.83;3.927598089;-2.097598089
6;1.352;3;1.17;3.423879745;-2.253879745
6;1.1775;3;0.66;2.984025154;-2.324025154
6;1.0255;3;0.29;2.599857831;-2.309857831
6;0.8935;3;0.09;2.265530256;-2.175530256
6;0.778;3;0.02;1.972512998;-1.952512998
6;0.6775;3;0.02;1.717237277;-1.697237277
6;0.5905;3;0.02;1.496062633;-1.476062633
6;0.5145;3;0.02;1.302747975;-1.282747975
6;0.448;3;0.02;1.133552231;-1.113552231
6;0.39;3;0.02;0.985978747;-0.965978747
6;0.3395;3;0.02;0.857511267;-0.837511267
6;0.2955;3;0.02;0.745619879;-0.725619879
6;0.2575;3;0.02;0.649036641;-0.629036641
6;0.2245;3;0.02;0.56521645;-0.54521645
6;0.1955;3;0.02;0.491613152;-0.471613152
6;0.17;3;0.02;0.426950198;-0.406950198
6;0.148;3;0.02;0.371216997;-0.351216997
6;0.129;3;0.02;0.323134126;-0.303134126
6;0.1125;3;0.02;0.281424154;-0.261424154
6;0.098;3;0.02;0.244812716;-0.224812716
6;0.085;3;0.02;0.212029437;-0.192029437
6;0.074;3;0.02;0.184325587;-0.164325587
6;0.0645;3;0.02;0.160430836;-0.140430836
6;0.056;3;0.02;0.139080274;-0.119080274
6;0.049;3;0.02;0.121521496;-0.101521496
6;0.043;3;0.02;0.106491233;-0.086491233
6;0.0375;3;0.02;0.0927324;-0.0727324
6;0.0325;3;0.02;0.080242579;-0.060242579
6;0.028;3;0.02;0.069019023;-0.049019023
6;0.0245;3;0.02;0.060302754;-0.040302754
6;0.0215;3;0.02;0.052842266;-0.032842266
6;0.0185;3;0.02;0.045393075;-0.025393075
6;0.016;3;0.02;0.039195409;-0.019195409
6;0.014;3;0.02;0.034244857;-0.014244857
6;0.012;3;0.02;0.029302113;-0.009302113
6;0.0105;3;0.02;0.025600967;-0.005600967
7;257.653;3;100;99.91301555;0.08698445
7;224.4065;3;99.87;99.78195653;0.088043475
7;195.45;3;99.52;99.51515708;0.004842916
7;170.2295;3;98.78;99.0285795;-0.2485795
7;148.2635;3;97.53;98.22231135;-0.692311348
7;129.132;3;95.63;96.9933747;-1.363374704
7;112.4695;3;93.02;95.25170104;-2.23170104
7;97.957;3;89.68;92.93490161;-3.25490161
7;85.317;3;85.67;90.01851284;-4.348512837
7;74.308;3;81.1;86.51961838;-5.419618382
7;64.7195;3;76.13;82.49381599;-6.363815994
7;56.3685;3;70.92;78.02753447;-7.107534465
7;49.095;3;65.64;73.22693718;-7.586937184
7;42.76;3;60.42;68.20733995;-7.787339948
7;37.2425;3;55.37;63.08326426;-7.713264256
7;32.437;3;50.57;57.96059023;-7.39059023
7;28.2515;3;46.05;52.93133263;-6.881332626
7;24.606;3;41.83;48.07115795;-6.241157948
7;21.431;3;37.91;43.4387367;-5.528736696
7;18.6655;3;34.27;39.07542488;-4.805424877
7;16.257;3;30.89;35.00863558;-4.118635585
7;14.1595;3;27.76;31.25251705;-3.492517047
7;12.3325;3;24.88;27.80987703;-2.929877029
7;10.741;3;22.22;24.6758228;-2.455822805
7;9.355;3;19.78;21.84034639;-2.060346391
7;8.148;3;17.55;19.28832921;-1.738329213
7;7.0965;3;15.52;17.00091435;-1.480914349
7;6.1805;3;13.67;14.95874029;-1.288740292
7;5.383;3;11.99;13.14276419;-1.15276419
7;4.6885;3;10.45;11.53231959;-1.082319592
7;4.0835;3;9.04;10.10735163;-1.067351628
7;3.5565;3;7.74;8.849396506;-1.109396506
7;3.0975;3;6.54;7.741174787;-1.201174787
7;2.698;3;5.42;6.767187331;-1.347187331
7;2.35;3;4.38;5.911730735;-1.531730735
7;2.0465;3;3.42;5.160443831;-1.740443831
7;1.7825;3;2.56;4.503094873;-1.943094873
7;1.5525;3;1.81;3.927598089;-2.117598089
7;1.352;3;1.17;3.423879745;-2.253879745
7;1.1775;3;0.67;2.984025154;-2.314025154
7;1.0255;3;0.3;2.599857831;-2.299857831
7;0.8935;3;0.1;2.265530256;-2.165530256
7;0.778;3;0.02;1.972512998;-1.952512998
7;0.6775;3;0.02;1.717237277;-1.697237277
7;0.5905;3;0.02;1.496062633;-1.476062633
7;0.5145;3;0.02;1.302747975;-1.282747975
7;0.448;3;0.02;1.133552231;-1.113552231
7;0.39;3;0.02;0.985978747;-0.965978747
7;0.3395;3;0.02;0.857511267;-0.837511267
7;0.2955;3;0.02;0.745619879;-0.725619879
7;0.2575;3;0.02;0.649036641;-0.629036641
7;0.2245;3;0.02;0.56521645;-0.54521645
7;0.1955;3;0.02;0.491613152;-0.471613152
7;0.17;3;0.02;0.426950198;-0.406950198
7;0.148;3;0.02;0.371216997;-0.351216997
7;0.129;3;0.02;0.323134126;-0.303134126
7;0.1125;3;0.02;0.281424154;-0.261424154
7;0.098;3;0.02;0.244812716;-0.224812716
7;0.085;3;0.02;0.212029437;-0.192029437
7;0.074;3;0.02;0.184325587;-0.164325587
7;0.0645;3;0.02;0.160430836;-0.140430836
7;0.056;3;0.02;0.139080274;-0.119080274
7;0.049;3;0.02;0.121521496;-0.101521496
7;0.043;3;0.02;0.106491233;-0.086491233
7;0.0375;3;0.02;0.0927324;-0.0727324
7;0.0325;3;0.02;0.080242579;-0.060242579
7;0.028;3;0.02;0.069019023;-0.049019023
7;0.0245;3;0.02;0.060302754;-0.040302754
7;0.0215;3;0.02;0.052842266;-0.032842266
7;0.0185;3;0.02;0.045393075;-0.025393075
7;0.016;3;0.02;0.039195409;-0.019195409
7;0.014;3;0.02;0.034244857;-0.014244857
7;0.012;3;0.02;0.029302113;-0.009302113
7;0.0105;3;0.02;0.025600967;-0.005600967
8;257.653;3;100;99.91301555;0.08698445
8;224.4065;3;99.88;99.78195653;0.098043475
8;195.45;3;99.5;99.51515708;-0.015157084
8;170.2295;3;98.68;99.0285795;-0.3485795
8;148.2635;3;97.3;98.22231135;-0.922311348
8;129.132;3;95.23;96.9933747;-1.763374704
8;112.4695;3;92.42;95.25170104;-2.83170104
8;97.957;3;88.86;92.93490161;-4.07490161
8;85.317;3;84.63;90.01851284;-5.388512837
8;74.308;3;79.86;86.51961838;-6.659618382
8;64.7195;3;74.71;82.49381599;-7.783815994
8;56.3685;3;69.36;78.02753447;-8.667534465
8;49.095;3;63.97;73.22693718;-9.256937184
8;42.76;3;58.68;68.20733995;-9.527339948
8;37.2425;3;53.6;63.08326426;-9.483264256
8;32.437;3;48.8;57.96059023;-9.16059023
8;28.2515;3;44.32;52.93133263;-8.611332626
8;24.606;3;40.16;48.07115795;-7.911157948
8;21.431;3;36.32;43.4387367;-7.118736696
8;18.6655;3;32.79;39.07542488;-6.285424877
8;16.257;3;29.54;35.00863558;-5.468635585
8;14.1595;3;26.55;31.25251705;-4.702517047
8;12.3325;3;23.8;27.80987703;-4.009877029
8;10.741;3;21.28;24.6758228;-3.395822805
8;9.355;3;18.97;21.84034639;-2.870346391
8;8.148;3;16.86;19.28832921;-2.428329213
8;7.0965;3;14.93;17.00091435;-2.070914349
8;6.1805;3;13.17;14.95874029;-1.788740292
8;5.383;3;11.57;13.14276419;-1.57276419
8;4.6885;3;10.1;11.53231959;-1.432319592
8;4.0835;3;8.75;10.10735163;-1.357351628
8;3.5565;3;7.5;8.849396506;-1.349396506
8;3.0975;3;6.33;7.741174787;-1.411174787
8;2.698;3;5.24;6.767187331;-1.527187331
8;2.35;3;4.22;5.911730735;-1.691730735
8;2.0465;3;3.28;5.160443831;-1.880443831
8;1.7825;3;2.43;4.503094873;-2.073094873
8;1.5525;3;1.69;3.927598089;-2.237598089
8;1.352;3;1.08;3.423879745;-2.343879745
8;1.1775;3;0.61;2.984025154;-2.374025154
8;1.0255;3;0.27;2.599857831;-2.329857831
8;0.8935;3;0.1;2.265530256;-2.165530256
8;0.778;3;0.04;1.972512998;-1.932512998
8;0.6775;3;0.04;1.717237277;-1.677237277
8;0.5905;3;0.04;1.496062633;-1.456062633
8;0.5145;3;0.04;1.302747975;-1.262747975
8;0.448;3;0.04;1.133552231;-1.093552231
8;0.39;3;0.04;0.985978747;-0.945978747
8;0.3395;3;0.04;0.857511267;-0.817511267
8;0.2955;3;0.04;0.745619879;-0.705619879
8;0.2575;3;0.04;0.649036641;-0.609036641
8;0.2245;3;0.04;0.56521645;-0.52521645
8;0.1955;3;0.04;0.491613152;-0.451613152
8;0.17;3;0.04;0.426950198;-0.386950198
8;0.148;3;0.04;0.371216997;-0.331216997
8;0.129;3;0.04;0.323134126;-0.283134126
8;0.1125;3;0.04;0.281424154;-0.241424154
8;0.098;3;0.04;0.244812716;-0.204812716
8;0.085;3;0.04;0.212029437;-0.172029437
8;0.074;3;0.04;0.184325587;-0.144325587
8;0.0645;3;0.04;0.160430836;-0.120430836
8;0.056;3;0.04;0.139080274;-0.099080274
8;0.049;3;0.04;0.121521496;-0.081521496
8;0.043;3;0.04;0.106491233;-0.066491233
8;0.0375;3;0.04;0.0927324;-0.0527324
8;0.0325;3;0.04;0.080242579;-0.040242579
8;0.028;3;0.04;0.069019023;-0.029019023
8;0.0245;3;0.04;0.060302754;-0.020302754
8;0.0215;3;0.04;0.052842266;-0.012842266
8;0.0185;3;0.04;0.045393075;-0.005393075
8;0.016;3;0.04;0.039195409;0.000804591
8;0.014;3;0.04;0.034244857;0.005755143
8;0.012;3;0.04;0.029302113;0.010697887
8;0.0105;3;0.04;0.025600967;0.014399033
